{
  "model": "evo2_1b_base",
  "revision": null,
  "backend": "evo2",
  "num_variants": 3380,
  "num_class_labeled": 3380,
  "AUROC": 0.6052241012413975,
  "AUPRC": 0.1515382298727098,
  "AUROC_by_chrom_weighted": 0.6073501894298117,
  "AUPRC_by_chrom_weighted": 0.18241445234378673,
  "Spearman_score_vs_delta": null,
  "dtype": "bfloat16"
}